BM_Returns,pnl,cumulative
0.0015921101716727115,1.5921101716727115,1001.5921101716727
0.00018996581088659426,0.19026825738637687,1001.7823784290591
0.0030970753849743904,3.1025955453337386,1004.8849739743929
0.0012712512404724485,1.277461269697071,1006.1624352440899
-0.00018910292286977715,-0.19026825738643027,1005.9721669867035
0.001443655000098465,1.4522767488302424,1007.4244437355338
-0.003761887644002093,-3.789817567154387,1003.6346261683794
-0.0008976438525517549,-0.9009064523881245,1002.7337197159914
0.0009836343625724275,0.9863233432227184,1003.720043059214
-0.0023096092988857952,-2.3182011449276114,1001.4018419142865
-0.005525675723266343,-5.533421847099973,995.8684200671865
0.008196058063241196,8.162195394218935,1004.0306154614054
-0.0026259630899742037,-2.6365473374057338,1001.3940681239997
0.0012756828808564435,1.2774612696969776,1002.6715293936967
0.006541139295859866,6.55861414175702,1009.2301435354537
-0.0007502611166068096,-0.7571861344021603,1008.4729574010516
0.0020560951489239088,2.07351635553325,1010.5464737565849
-0.0003842577408796899,-0.38831030505964215,1010.1581634515252
0.00984851271879017,9.948555520742065,1020.1067189722672
-0.000369225702197995,-0.3766496196294281,1019.7300693526378
0.008190950433802913,8.352558453925862,1028.0826278065636
-0.002024530803113933,-2.081384948140705,1026.0012428584228
-0.0010521566439205543,-1.0795140243442356,1024.9217288340785
-0.0037393815604747083,-3.832573413732012,1021.0891554203465
-0.00011410565998426492,-0.1165120519820143,1020.9726433683645
0.0029323579853828274,2.9938572836386372,1023.9665006520031
0.005506306319651655,5.638273213651715,1029.6047738656548
0.003201957471006933,3.2967506978635375,1032.9015245635183
0.001548922064604108,1.5998839619596554,1034.501408525478
-0.0004729570906678582,-0.4892747764680115,1034.01213374901
-0.004070859227173984,-4.209317835682017,1029.802815913328
0.008974343513216354,9.24180422088371,1039.0446201342118
0.005362807225250732,5.572195996213653,1044.6168161304254
-0.0032302694598687065,-3.374393798411397,1041.242422332014
-0.0008278931807477186,-0.8620375009539104,1040.3803848310602
0.0019856558213586784,2.065837367567177,1042.4462221986273
-0.0004581666477052604,-0.4776140910377581,1041.9686081075895
-0.0010584151831672939,-1.1028353952047645,1040.8657727123848
0.0007909409391904099,0.8232633518402853,1041.689036064225
0.0018339987251561052,1.910456364150881,1043.599492428376
-0.005183153157965359,-5.409136004831183,1038.1903564235447
0.008303361477520088,8.620469811860112,1046.8108262354049
0.006398818768781567,6.698352762278848,1053.5091789976836
0.004028636080503967,4.24420508965218,1057.753384087336
0.007033767443369587,7.43999131610751,1065.1933754034435
0.0016623439316436617,1.7707177436289432,1066.9640931470724
0.0013029315960912946,1.3901812288562159,1068.3542743759285
-0.0011122268282528491,-1.188252286039513,1067.166022089889
0.007033646478779465,7.506068533545637,1074.6720906234348
0.006749602987881076,7.253609953864338,1081.925700577299
-0.003524487622672101,-3.8132337403355323,1078.1124668369634
0.009415051560751175,10.150484463558653,1088.262951300522
-0.0016163897301626484,-1.7590570581986582,1086.5038942423234
0.004385235112838837,4.764575027267571,1091.268469269591
0.008066726499347698,8.802964278959609,1100.0714335485504
0.0021743654797181655,2.391957350332044,1102.4633908988824
-0.0005599757022828333,-0.6173527115597155,1101.8460381873226
0.0006026209018938911,0.6639954532806551,1102.5100336406033
0.011841196508761032,13.055037961219119,1115.5650716018224
-0.006731974332887192,-7.50995542868893,1108.0551161731335
-0.010898815620283941,-12.076488408283284,1095.9786277648502
0.0004889853730833948,0.5359175181890224,1096.5145452830393
-0.0006480882520516484,-0.710638195001693,1095.8039070880377
-0.02120854792396809,-23.240409678748126,1072.5634974092895
-0.04097922480422822,-43.95282067714453,1028.610676732145
0.017440920592313836,17.939917133291537,1046.5505938654367
-0.005001588416939429,-5.234415328018448,1041.3161785374182
-0.03753641975808808,-39.08728117846872,1002.2288973589494
0.014936090208494734,14.96938122051348,1017.1982785794629
0.013914584754042503,14.153891658960074,1031.352170238423
0.0026129297463290957,2.694850764557045,1034.04702100298
0.013402458257245842,13.858772035021854,1047.905793038002
0.012069112762299383,12.647293180442405,1060.5530862184444
0.0003734693722488025,0.39608409534653255,1060.949170313791
-0.005841389459353419,-6.197417300380734,1054.7517530134103
-0.0054965031281792864,-5.797446309890796,1048.9543067035195
0.0009735510790762625,1.0212105971929042,1049.9755173007125
0.01602837635051313,16.82940275012053,1066.804920050833
0.011757015343810906,12.542441813890612,1079.3473618647238
-0.012706888443829278,-13.715146519356477,1065.6322153453673
-0.011095788639207016,-11.82402982860213,1053.8081855167652
-0.013324399541987275,-14.041361304442027,1039.7668242123232
0.005071602744632031,5.2732842794525485,1045.0401084917758
0.011032026532745043,11.528910204664028,1056.5690186964398
0.002638858606169414,2.788136247999073,1059.357154944439
-0.00048387472056610203,-0.5125961473284413,1058.8445587971105
0.004463078207817217,4.725706075833219,1063.5702648729437
0.01737883151892694,18.483608441767387,1082.053873314711
-0.001273985129042532,-1.3785205434258134,1080.6753527712851
-0.006363576551088879,-6.876960334235052,1073.79839243705
-0.005724521948562322,-6.146982465836831,1067.6514099712133
-0.000781930531963182,-0.8348292349500321,1066.8165807362632
0.001703447167811456,1.817265683029489,1068.6338464192927
-0.014204195388793028,-15.179083953617075,1053.4547624656757
0.0014818054520648882,1.56101501052536,1055.015777476201
-0.0018439898833508828,-1.9454384204416808,1053.0703390557594
-0.025162888405856454,-26.49829142517749,1026.572047630582
-0.02096688071186603,-21.524013664806464,1005.0480339657754
0.02715725576151251,27.294346511013877,1032.3423804767892
-0.017276308813847896,-17.835065766739874,1014.5073147100494
-0.00291665716625622,-2.95897002966842,1011.548344680381
0.013769718690019195,13.92873614760342,1025.4770808279843
-0.022337423560165104,-22.906515905696352,1002.570564922288
0.012614865848792123,12.647293180442396,1015.2178581027304
0.01156648273982852,11.74249983291091,1026.9603579356412
0.0068628636575538415,7.047888918224997,1034.0082468538662
-0.021920248779842444,-22.665718011445485,1011.3425288424207
0.0033365488963206236,3.3743937984112873,1014.716922640832
0.0167269537832615,16.97312306810653,1031.6900457089384
-0.005525364482924067,-5.700463535946476,1025.989582172992
0.008250750063987677,8.465183610764504,1034.4547657837566
-0.0028866254882486952,-2.986083493351726,1031.4686822904048
0.008109038386684864,8.364219139356146,1039.832901429761
0.010661504701720004,11.08618336759655,1050.9190847973575
0.0008313658006817715,0.8736981863843096,1051.7927829837417
-0.005726124690152989,-6.022696623567929,1045.7700863601738
-0.00853653230061302,-8.927250121228491,1036.8428362389452
5.623169212687351e-05,0.0583034271513427,1036.9011396660965
-0.01338056164164636,-13.874319615595565,1023.0268200505009
0.001837059563023713,1.8793612030035118,1024.9061812535044
0.010434204774367295,10.694080969713868,1035.6002622232184
0.0011136248915897262,1.1532702297486235,1036.753532452967
-0.008187490964434607,-8.488410179304328,1028.2651222736627
0.0025490454770622506,2.621094559152542,1030.8862168328153
-0.007205863568357729,-7.4284254329977095,1023.4577913998176
-0.0022536742393085563,-2.306540459497399,1021.1512509403201
0.012811178963797909,13.082151424902548,1034.2334023652227
0.0034579455015175675,3.5763227412280303,1037.8097251064507
-0.0002656413228280252,-0.27568514822106677,1037.5340399582296
0.009682220255068819,10.045633097006952,1047.5796730552365
0.009370643723504823,9.816495888186287,1057.3961689434227
0.0017075955546570487,1.8056049975991824,1059.2017739410219
0.0008834895573073265,0.9357937063582883,1060.1375676473801
-0.006842140279927467,-7.253609953864469,1052.8839576935156
0.004060561678767671,4.275300250799532,1057.1592579443152
-0.0008558723207806596,-0.9047933475315609,1056.2544645967837
-0.00263219493841671,-2.780267655391706,1053.474196941392
0.007386752997235124,7.781753681766692,1061.2559506231587
-0.0031357617896576873,-3.3278458590109463,1057.9281047641477
0.0032484098921563564,3.4365841207060837,1061.3646888848539
-0.002023213496498033,-2.1473673632582724,1059.2173215215955
-0.0023572204364039617,-2.4968087168837707,1056.7205128047117
-0.011564187290653005,-12.220113923948572,1044.5003988807632
0.012695791223314323,13.260758996858703,1057.7611578776218
-0.006879559974886984,-7.276931324724999,1050.4842265528969
0.010849230370481022,11.396945374428956,1061.8811719273258
0.004479598435997323,4.756801236980653,1066.6379731643065
0.0007025929724704394,0.7494123441153548,1067.3873855084219
0.008567392465728796,9.144726644618812,1076.5321121530408
-0.0007141884679080501,-0.7688468198323973,1075.7632653332084
0.0031259043893263616,3.3627331129811355,1079.1259984461897
0.001068707668436586,1.1532702297487303,1080.2792686759385
0.0017433852107295866,1.8833429004674047,1082.1626115764059
-0.004026127868587581,-4.356925048811285,1077.8056865275946
0.002471549778432225,2.6638504057302685,1080.469536933325
-0.001017102715529128,-1.0989485000613841,1079.3705884332635
-0.0021261277624751163,-2.294879774067064,1077.0757086591964
-0.004023402292699374,-4.333508875630214,1072.742199783566
0.0017121542893689945,1.8367001587465634,1074.5788999423125
-0.006345510515579966,-6.818751709404297,1067.7601482329083
0.0018619345065358228,1.988099464698657,1069.748247697607
-0.013724668973416176,-14.68194058454167,1055.0663071130652
0.0022045770199778936,2.3259749352144024,1057.3922820482796
-0.008604355128821406,-9.098178705218286,1048.2941033430614
0.00617868985946779,6.4770841460656525,1054.771187489127
0.0007584033300001014,0.7999419809799152,1055.5711294701068
0.003067957412152822,3.2384472707123404,1058.8095767408192
-0.00494735062681062,-5.23830222316178,1053.5712745176575
0.008620803683929923,9.082631124644566,1062.653905642302
0.008481281595267509,9.012667012063194,1071.6665726543654
0.008822985887663393,9.455299046810062,1081.1218717011755
0.003473267180873929,3.7550251155046874,1084.87689681668
-0.007094202866256172,-7.696336790931993,1077.180560025748
0.008749042674663476,9.424298687983171,1086.6048587137311
0.0010792374947172778,1.1727047054658288,1087.777563419197
-0.001028135726814483,-1.1183829757784833,1086.6591804434183
0.00397369863071062,4.318056097377136,1090.9772365407955
0.0021605126279586884,2.357070096361862,1093.3343066371574
-0.003952993120479142,-4.321942992520516,1089.012363644637
-0.0009484477101494582,-1.032871282623205,1087.9794923620138
0.0018380494891383492,1.999760150129,1089.979252512143
0.004780911145920941,5.21109395715788,1095.1903464693007
0.009101605057599604,9.96798999645925,1105.15833646576
-0.0030322960242857855,-3.3511672298714164,1101.8071692358885
-0.00656220869212365,-7.230288583003901,1094.5768806528847
-0.005754170294581917,-6.298381771788966,1088.2784988810959
0.004884728797982518,5.315945323709674,1093.5944442048055
-0.0010403515262938923,-1.1377226491749903,1092.4567215556306
0.004926444803381669,5.381927738827111,1097.8386492944576
0.004644183009877123,5.09856360263977,1102.9372128970974
0.003538227451535869,3.9024427239929715,1106.8396556210903
0.0028241822564987196,3.1259169161942366,1109.9655725372845
-0.0002623799656497061,-0.2912327287946891,1109.6743398084898
-0.0014416744645237012,-1.599789159639096,1108.0745506488506
-0.007113887913551609,-7.882718153174988,1100.1918324956757
-0.004005992185342366,-4.407359883355174,1095.7844726123205
0.006389254777276809,7.001246176504018,1102.7857187888246
-0.007602164835758152,-8.38355881275268,1094.402159976072
0.007919408484583057,8.667017751260529,1103.0691777273325
0.0033231157222237684,3.6656265272061432,1106.7348042545386
0.0024280177746833775,2.6871717765907484,1109.4219760311294
0.0020685364303643095,2.2948797740671507,1111.7168558051965
-0.0003981517707819515,-0.44263203474698243,1111.2742237704495
-0.0016912621251551352,-1.8794560053241336,1109.3947677651254
0.006198839704363079,6.876960334235117,1116.2717280993604
0.007670409427647185,8.562261187029348,1124.8339892863899
0.00026927832649970007,0.30289341422502064,1125.136882700615
0.005701434129840033,6.4148938237711075,1131.551776524386
-0.004430329054144866,-5.013146711805225,1126.538629812581
0.00013447750859452157,0.1514941082726819,1126.6901239208535
-0.0016543221469484948,-1.8639084247504119,1124.826215496103
-0.002803126684318036,-3.153030379877596,1121.6731851162253
-0.0036523050860121087,-4.096692678843391,1117.576492437382
-0.002213344827027508,-2.4735821483438265,1115.1029102890382
0.0018978268127400888,2.1162722021110425,1117.2191824911492
0.003739841510076891,4.178222674534569,1121.3974051656837
0.00035667194221011833,0.3999709904898314,1121.7973761561736
0.005282254329749936,5.925619047303066,1127.7229952034768
0.00027548183892078804,0.3106672045119128,1128.0336624079887
-0.005569722252617426,-6.282834191215308,1121.7508282167735
0.005369014643958003,6.022696623567875,1127.7735248403415
0.0012532727238796504,1.4134077973960093,1129.1869326377375
0.007840591898404803,8.853493915824014,1138.0404265535615
-0.00036853301202766087,-0.41940546620702795,1137.6210210873544
-0.0035156877607932513,-3.999520300257933,1133.6215007870965
-0.0013050961134796202,-1.4794850148341738,1132.1420157722623
-0.003289278113945082,-3.7239299543573705,1128.418085817905
0.0027632870875580196,3.118143125907554,1131.5362289438126
-6.870120538793323e-06,-0.0077737902868556304,1131.5284551535258
0.003641105118425747,4.120014049703881,1135.6484692032298
-0.0003966902079042267,-0.45050062735434604,1135.1979685758754
0.0007115197468861023,0.8077157712667243,1136.005684347142
-0.008169482334351885,-9.2805783699973,1126.7251059771447
-0.005527978766503461,-6.228512461528018,1120.4965935156167
-0.00039511662920677093,-0.4427268370675599,1120.0538666785492
-0.0014179036575431292,-1.5881284742088393,1118.4657382043404
-0.0328642290012785,-36.75751415043145,1081.708224053909
-0.02057300761734404,-22.25399153320476,1059.4542325207042
0.014206197825152422,15.050816413884156,1074.5050489345883
-0.005904978964482943,-6.34492971118946,1068.1601192233989
0.02149560016316343,22.96074283306316,1091.120862056462
-0.00025266233815879335,-0.27568514822102397,1090.845176908241
-0.014391922356395415,-15.699359088911825,1075.145817819329
-0.00036116989772350117,-0.3883103050596571,1074.7575075142695
-0.004299527548581317,-4.620949511602193,1070.1365580026672
-0.005511829997012829,-5.898410781299161,1064.238147221368
-0.030864433977743855,-32.84710803151036,1031.3910391898578
0.018625040052811848,19.209699415022335,1050.6007386048802
-0.017327264039978307,-18.20403639840299,1032.3967022064771
-0.0065595995737004476,-6.772108967683355,1025.6245932387938
0.015666780052058682,16.068234918254333,1041.692828157048
0.010851331974038647,11.303754693307322,1052.9965828503555
0.010557843693063784,11.117373331064343,1064.1139561814198
-0.0063166863793988615,-6.721674133139412,1057.3922820482803
0.005600317169601965,5.921732152159588,1063.31401420044
0.006259295774170726,6.655596915701325,1069.9696111161413
0.021208856064105275,22.692831475128937,1092.6624425912703
-0.0025089163835961825,-2.7413987039574614,1089.9210438873129
-0.00919901370610332,-10.02619862128983,1079.8948452660231
-0.01970148934024063,-21.27553678258936,1058.6193084834338
-0.0014819196931705747,-1.5687888008122162,1057.0505196826216
-0.007567410690302756,-7.999135402836354,1049.0513842797852
0.010593753366266334,11.113391633600333,1060.1647759133855
0.0022233054237545957,2.3570700963618054,1062.5218460097474
-0.01664310858849427,-17.683666460787613,1044.8381795489597
-0.01815124083246611,-18.965109427948633,1025.873070121011
0.0030432907461763747,3.1220300210508203,1028.995100142062
-0.006554842390161242,-6.7449007016794,1022.2501994403826
0.0155323683669224,15.877966660867914,1038.1281661012506
0.003261692144003847,3.38605448384157,1041.514220585092
0.022973979644221654,23.927726502889286,1065.4419470879814
-0.0021831080910337253,-2.3259749352144983,1063.115972152767
0.008170747552017188,8.686452226977593,1071.8024243797445
0.010941426132194287,11.727047054657728,1083.5294714344022
-0.03236490314939877,-35.068326402493675,1048.4611450319085
-0.0015222281477752508,-1.5959970668162407,1046.8651479650923
-0.023320118765389863,-24.413019581893387,1022.4521283831989
0.0017621539947350051,1.8017181024557622,1024.2538464856545
-0.00035634616892232795,-0.3649889341991212,1023.8888575514554
0.005419503676349802,5.548969427673711,1029.437826979129
-0.00019993032368359476,-0.2058158379600737,1029.232011141169
-0.019086709555430348,-19.644652461802945,1009.5873586793662
-0.020773480559224233,-20.972643368364356,988.6147153110018
8.640058610476231e-05,0.08541689083466329,988.7001322018364
-0.01539571453679811,-15.221744997874026,973.4783872039624
-0.01577210632742365,-15.353804630429787,958.1245825735326
-0.020588228309714296,-19.726087655173597,938.398494918359
-0.027112254452099527,-25.442098771693775,912.9563961466653
0.04959374278953943,45.27692468856259,958.2333208352279
0.008562680784222065,8.205046043117104,966.438366878345
-0.0012415825080966947,-1.1999129714696892,965.2384539068754
0.00849248413140935,8.197272252830235,973.4357261597056
0.0012684969251244294,1.2348002254398527,974.6705263851454
-0.02475673039503723,-24.129655445706067,950.5408709394394
0.03433571464262353,32.63750010072743,983.1783710401668
0.007010434848680358,6.892507914808773,990.0708789549756
0.009695285023358924,9.59901936479598,999.6698983197715
0.004098045450532162,4.096692678843288,1003.7665909986148
0.004518418782931244,4.535437818447004,1008.3020288170618
-0.00014629784190933748,-0.14751241080874275,1008.154516406253
-0.005257525167898014,-5.300397743135926,1002.8541186631171
0.010721688622945758,10.752289594544637,1013.6064082576618
0.0022219854881162515,2.2522187298101612,1015.8586269874719
0.0075914003822110665,7.711789569185103,1023.570416556657
0.01318305304897005,13.493783100822782,1037.0641996574798
-0.014157306164566674,-14.682035386862243,1022.3821642706175
0.0022029127742235755,2.2522187298100893,1024.6343830004275
0.0013757255543636049,1.4096157045732733,1026.0439987050008
0.008488694060713842,8.709773597838222,1034.753772302839
-0.007846827493937836,-8.119534349961809,1026.6342379528771
-0.0014562465775435074,-1.495032595407864,1025.1392053574693
0.01554926091974429,15.940156983162614,1041.0793623406319
0.008597395948725328,8.950571492088896,1050.0299338327206
0.0008986100931438479,0.9435674966452495,1050.973501329366
0.006776236617404008,7.121645123629349,1058.0951464529953
0.00470842037697472,4.981956748337334,1063.0771032013326
-0.0022244379802809355,-2.36474908432808,1060.7123541170047
-0.009357140143940179,-9.925234149881515,1050.787119967123
0.0006762010869560964,0.7105433926812347,1051.4976633598044
0.0007091030986317026,0.7456202512924323,1052.2432836110968
0.0128902247439735,13.563652411083684,1065.8069360221805
0.003023994668760688,3.2229944924592373,1069.0299305146398
-0.002651641555101225,-2.834684187399594,1066.1952463272403
0.01087875260858695,11.598874317245471,1077.7941206444857
0.0014987433214488366,1.6153367402127445,1079.4094573846985
0.0017771107537685182,1.9182301544377889,1081.3276875391364
-0.003526436790880272,-3.8132337403354972,1077.5144537988008
0.006411102394986878,6.90805549538247,1084.4225092941833
0.0012318625699112573,1.335859499168747,1085.758368793352
-0.0007904570968998437,-0.8582454081311028,1084.900123385221
-0.0005440493877303387,-0.5902392478762983,1084.3098841373446
-0.0028255083152146643,-3.0637265938995166,1081.2461575434452
0.00689532059343434,7.455538896681068,1088.7016964401262
-0.003880558492514008,-4.2247706139351395,1084.476925826191
-0.001131532823106185,-1.2271212374736267,1083.2498045887173
-0.006524098653592381,-7.06722859162146,1076.182575997096
-0.00812571755868352,-8.744755654128864,1067.4378203429671
-0.0021316888487414865,-2.275445298350021,1065.1623750446172
0.014666041867757107,15.621715988363954,1080.7840910329812
0.0029533182046204143,3.1918993313118307,1083.975990364293
0.006949583813841809,7.533181997228835,1091.509172361522
-0.0008680223820187738,-0.9474543917885886,1090.5617179697333
0.00498490290027398,5.4363442708350975,1095.9980622405685
0.0037059469012648005,4.061710622552661,1100.0597728631212
-0.0001305615560248663,-0.1436255156653701,1099.9161473474558
-0.0029443536044478913,-3.238542073032919,1096.6776052744228
0.010852481049954399,11.901672929150044,1108.5792782035728
-0.018974501239482744,-21.034738888338577,1087.5445393152343
-0.000839020658475631,-0.9124723354978447,1086.6320669797365
0.007182725862306283,7.804980250306686,1094.4370472300432
-0.0046443248906916645,-5.082921219745578,1089.3541260102975
0.003589481529391092,3.9102165142799388,1093.2643425245774
0.0067342800173637585,7.362348215559589,1100.626690740137
0.011568600124275408,12.73271007127718,1113.3594008114142
1.745570720723677e-05,0.019434475716988614,1113.378835287131
0.002148376881724312,2.3919573503320133,1115.770792637463
0.0020846350796801527,2.325974935214585,1118.0967675726777
0.004636432770241061,5.183980493474566,1123.2807480661522
0.0010474599539205265,1.1765916006091863,1124.4573396667615
-0.006067494393846573,-6.822638604547707,1117.6347010622137
0.0034778715639784963,3.8869899457398804,1121.5216910079537
3.8123067008344336e-05,0.04275584657760787,1121.5644468545313
0.006609324208602496,7.4127830501035215,1128.977229904635
-0.0006293691084816588,-0.7105433926811728,1128.2666865119538
0.0005093580038946222,0.5746916673025282,1128.8413781792563
-0.0022738117853239315,-2.566772829465302,1126.274605349791
0.0015790922795098083,1.7784915339158114,1128.0530968837068
0.001012017561471401,1.141609544318511,1129.1947064280253
0.008841205788409079,9.983442774712348,1139.1781492027376
-0.002191763174733685,-2.496808716883836,1136.6813404858538
-0.0003689736527457965,-0.4194054662070539,1136.2619350196467
0.0046852921407636305,5.323719113996425,1141.5856541336432
0.001071522174355355,1.2232343423301615,1142.8088884759734
0.0009514170090862972,1.0872878146310465,1143.8961762906044
-0.007502163081421376,-8.58169566274645,1135.314480627858
-0.0021239857917741967,-2.411391826049072,1132.903088801809
0.009638279380647763,10.919236481070637,1143.8223252828795
-0.004470988428756373,-5.114016380892962,1138.7083089019866
-0.016511651392423388,-18.80195463424557,1119.906354267741
-0.0016054253132695706,-1.797926009632871,1118.1084282581082
-0.0030214249424966866,-3.378280693554815,1114.7301475645534
0.0037202972597878414,4.147127513387304,1118.8772750779406
-0.02413055719884427,-26.99913208475526,1091.8781429931853
0.008015944543135589,8.752434642095244,1100.6305776352806
0.00583897507464215,6.426554509201395,1107.057132144482
0.008895287120600504,9.84759104933374,1116.9047231938157
-0.005837333350761975,-6.5197451903228325,1110.384978003493
-0.0067493779153879885,-7.494407848115353,1102.8905701553776
0.008495835590448308,9.369976958295885,1112.2605471136735
-0.0028243962306494508,-3.1414644967679553,1109.1190826169056
-0.01191414994527018,-13.21421105745832,1095.9048715594474
0.0013535590072402126,1.4833719099777183,1097.388243469425
-0.008375676922946718,-9.191369386339899,1088.1968740830853
-0.0069119122568113145,-7.521521311798636,1080.6753527712867
0.0020984713906617714,2.2677663103838626,1082.9431190816706
-0.01319537280847849,-14.289838186659159,1068.6532808950114
-0.0027652403144732274,-2.9550831345249677,1065.6981977604864
0.021432370568193138,22.84043868825832,1088.5386364487447
0.008161854781411959,8.88449427465084,1097.4231307233956
0.006135586748687638,6.733334818569768,1104.1564655419654
0.01049769746289475,11.591100526958725,1115.7475660689242
0.0046600444669098184,5.199433271727587,1120.946999340652
-0.00034988023558091275,-0.39219720020302457,1120.5548021404488
-0.0020375791387226005,-2.28321908863681,1118.271583051812
0.004097381912668174,4.581985757847301,1122.8535688096595
-0.001611511904139773,-1.8094918927425938,1121.0440769169168
0.0009317492412306283,1.0445319680534273,1122.0886088849702
0.009717399870633026,10.9037837028176,1132.992392587788
0.002985163546397107,3.3821675886983043,1136.3745601764863
0.009472185190685156,10.763950279975072,1147.1385104564613
-0.0012592227925193322,-1.4445029585434523,1145.694007497918
-0.0017318870104667816,-1.9842125695552755,1143.7097949283627
-0.009496397343734198,-10.861122658560488,1132.8486722698021
-0.0012339337557076835,-1.3978602168223395,1131.4508120529797
0.003823175554131808,4.325735085343535,1135.7765471383232
0.0057574526279098315,6.539179666039893,1142.315726804363
0.007672301032188189,8.764190129845916,1151.079916934209
0.002928125887423194,3.3705069032679975,1154.450423837477
0.007672378673070135,8.857380810967436,1163.3078046484445
-0.00180590159841032,-2.100819423857826,1161.2069852245868
-0.004835444424841517,-5.614951842791254,1155.5920333817955
0.0012365569653400854,1.4289553779697717,1157.0209887597653
0.0045106896075925995,5.2189625497651875,1162.2399513095304
0.002285226738359958,2.655981813122714,1164.895933122653
0.004620174547884881,5.38202254114789,1170.277955663801
0.00017586919155743175,0.20581583796007666,1170.483771501761
-0.003403778522185874,-3.9840675220048127,1166.4997039797563
-0.006531243569450895,-7.6186936903841564,1158.8810102893722
0.003581997784064761,4.151109210851263,1163.0321195002234
-0.00617673452276668,-7.183740643603533,1155.8483788566198
0.002828694915066654,3.269542431859756,1159.1179212884795
0.006847482673755456,7.937039882862304,1167.0549611713418
0.004688147952890187,5.471326327125762,1172.5262874984676
-0.005262401280453521,-6.170303836697349,1166.3559836617703
0.007387691099234761,8.616677719037265,1174.9726613808075
-0.0016161146071345112,-1.8988904810412348,1173.0737708997663
-0.0025786549148275606,-3.024952444785982,1170.0488184549802
-0.010885526112695776,-12.736596966420526,1157.3122214885595
-0.00899879386967306,-10.41441412402896,1146.8978073645305
-0.007282739927037873,-8.352558453925859,1138.5452489106046
-0.0297778200029859,-33.90339548731476,1104.6418534232898
0.013017017169932643,14.379141972637182,1119.020995395927
0.0007668762331907164,0.8581506058105545,1119.8791460017376
0.018762303409984193,21.011512319798587,1140.8906583215362
-0.00661660635492356,-7.5488243801232,1133.341833941413
-0.012317322177972212,-13.959736506430264,1119.3820974349826
0.015131688322181258,16.938141011815688,1136.3202384467984
-0.029292752911742603,-33.2859479734345,1103.0342904733639
0.0024642680276520945,2.718172135417424,1105.7524626087813
0.014426124657807904,15.951722866272354,1121.7041854750537
0.012105865492430645,13.579199991657477,1135.2833854667113
-0.007914727601131322,-8.985458746059189,1126.297926720652
0.00824679859557964,9.288352160284134,1135.586278880936
-0.0005060748601761755,-0.5746916673026532,1135.0115872136334
-0.025946336754618105,-29.44939286223853,1105.562194351395
0.010982987735216332,12.142376021080226,1117.7045703724752
-0.003203180635808267,-3.580209636371511,1114.1243607361037
0.006545480165679685,7.292478905298724,1121.4168396414025
0.012687291793508804,14.227742666684943,1135.6445823080874
0.0006427872591217021,0.7299778683982256,1136.3745601764856
-0.00689910050906084,-7.83996230659738,1128.5345978698883
0.010842079212828093,12.235661504522428,1140.7702593744107
0.013009813642266721,14.841208483101354,1155.611467857512
0.0009106051537297599,1.0523057583402633,1156.6637736158523
-9.401025965849463e-05,-0.10873826169520052,1156.555035354157
0.0003223043548219451,0.3727627244858935,1156.927798078643
0.007229681189480308,8.364219139356038,1165.292017217999
0.002879153101061016,3.3550541250148487,1168.647071343014
-0.0007244143620946941,-0.846584722700782,1167.8004866203132
-0.0031355866640028207,-3.6617396320626585,1164.1387469882507
0.0025817523700197853,3.005517969068779,1167.1442649573194
0.00034269198975556137,0.3999709904900159,1167.5442359478093
1.997472142156731e-05,0.023321370860414144,1167.5675573186697
-0.0048955765157830955,-5.715916314199513,1161.8516410044701
-9.693591923765066e-05,-0.1126251568385412,1161.7390158476317
-0.008416371322106486,-9.77762693675222,1151.9613889108794
0.006158571742003405,7.094436857625536,1159.055825768505
-0.002428916406865711,-2.8152497116824065,1156.2405760568226
-0.005316352490240539,-6.146982465836844,1150.0935935909858
0.005047606675254723,5.805220100177553,1155.8988136911635
-0.012258373372913245,-14.169439239533766,1141.7293744516296
-0.017903202985502964,-20.440612745318848,1121.2887617063107
0.00797191259701524,8.938816004338157,1130.2275777106488
0.014216897585460186,16.06832972057504,1146.295907431224
-0.004478294673592398,-5.133450856610014,1141.1624565746138
-0.015560819201407838,-17.75742266619199,1123.4050339084217
0.0091044925499415,10.228032761786004,1133.6330666702077
0.006415695380997066,7.27304442958159,1140.9061110997893
0.010938977513132997,12.480346293916613,1153.386457393706
-0.0013871187334510982,-1.5998839619596064,1151.7865734317463
0.009955676641137279,11.466814684689984,1163.2533881164363
-0.0019995427986508885,-2.325974935214467,1160.927413181222
0.0027628315736780706,3.207446911885487,1164.1348600931074
-0.003919344949506964,-4.5626460844509165,1159.5722140086564
0.006871616056117524,7.968135044009629,1167.540349052666
-0.003568666378412577,-4.166561989104334,1163.3737870635616
0.0028471487971184484,3.3122982784371535,1166.6860853419987
0.0019204463587332299,2.240558044379768,1168.9266433863784
0.004072700506109195,4.760688132124225,1173.6873315185026
0.005581337868471481,6.550745549149459,1180.238077067652
-0.0008324053147991117,-0.9824364480793972,1179.2556406195727
0.00325337015914573,3.836555111195999,1183.0921957307687
-0.0030228605633046968,-3.5763227412281022,1179.5158729895406
0.009662312168146059,11.39685057210826,1190.9127235616488
0.003704089049704651,4.411246778498645,1195.3239703401475
-0.001185699214361291,-1.417294692539532,1193.906675647608
0.0007024972279667807,0.8387161300934789,1194.7453917777013
0.0027300951851503275,3.261768641572844,1198.0071604192742
0.0025606760900243053,3.0677082913635476,1201.0748687106377
-0.0019624672514313435,-2.3570700963618267,1198.7177986142758
0.0015646460846321375,1.8755691101806817,1200.5933677244566
0.0007115345908383919,0.8542637106671082,1201.4476314351236
0.0008370427393644686,1.0056630166194083,1202.453294451743
0.007695488006902673,9.253464906313997,1211.706759358057
0.0005031528617669423,0.6096737235933541,1212.3164330816505
-0.0005925944462060739,-0.7184119852885436,1211.598021096362
-0.003756184245747196,-4.550985399020633,1207.0470356973412
-0.0015827522106851566,-1.910456364150932,1205.1365793331904
0.0021749356911917594,2.621094559152505,1207.7576738923428
0.007507291353015866,9.066988741750542,1216.8246626340933
0.0021955703874654287,2.6716241960170257,1219.4962868301104
0.004174424362754614,5.090695010032402,1224.586981840143
-0.004011219709926239,-4.9120874380762665,1219.6748944020667
-0.008631020716408422,-10.527039280867491,1209.1478551211992
-0.00663809511563529,-8.026438471160919,1201.1214166500383
0.00632356747139462,7.595372319523607,1208.716788969562
0.0015002511791302187,1.813378787886077,1210.530167757448
0.009135724328457329,11.05906990391325,1221.5892376613613
-0.00316282139344648,-3.86366857487933,1217.725569086482
-0.0010969340964486207,-1.3357646968482626,1216.3898043896338
0.002908158040315856,3.5374537897939446,1219.9272581794278
0.008575225775086182,10.461151668070444,1230.3884098474982
7.258178414493166e-05,0.08930378597797682,1230.4777136334762
0.007147785279833618,8.795190488672688,1239.272904122149
0.00033529222633799094,0.4155185710634629,1239.6884226932125
-0.00043230017186479675,-0.5359175181890745,1239.1525051750234
0.004459292004863613,5.525742859133699,1244.6782480341571
0.004944781081796634,6.154661453803079,1250.8329094879603
0.0008661436002121992,1.0834009194878018,1251.916310407448
-0.00019544819997963092,-0.2446847893942766,1251.6716256180537
0.005128166675301138,6.418780718914505,1258.0904063369683
3.398471712534601e-05,0.042755846577473486,1258.1331621835457
-0.005780822450430323,-7.273044429581535,1250.8601177539642
0.0029460216619106028,3.685061002923226,1254.5451787568875
0.008378802677341701,10.511586502614332,1265.0567652595018
-0.007059870562045378,-8.931137016371908,1256.12562824313
0.0035333728907271933,4.43836024218194,1260.563988485312
-0.0028032386528962228,-3.5336616969710555,1257.030326788341
0.004902451368978156,6.162530046410561,1263.1928568347516
0.006655262605488987,8.406880183613127,1271.5997370183647
-0.002855178689662563,-3.6306444709153545,1267.9690925474495
0.006976215252569862,8.845625323216684,1276.814717870666
-0.001514532772802224,-1.9337777350113492,1274.8809401356548
0.0018701968845122874,2.3842783623657975,1277.2652184980207
0.00836655302646827,10.686307179427272,1287.951525677448
0.003862162248501333,4.974277760371135,1292.925803437819
-0.0026519776473655776,-3.4288103304192763,1289.4969931073997
0.0002890760711180551,0.3727627244860329,1289.8697558318856
0.0011409766124783616,1.4717112245473563,1291.341467056433
-0.009042160974207403,-11.676517417793413,1279.6649496386397
-0.015730711659182384,-20.130040343127586,1259.534909295512
0.010053584595046017,12.662840761016042,1272.197750056528
-0.0008668741908683941,-1.1028353952048442,1271.0949146613232
0.003134358792605374,3.984067522004696,1275.078982183328
-0.01770582037552626,-22.576319423146852,1252.5026627601812
0.007254613892351713,9.086423217467523,1261.5890859776487
0.014980414164082134,18.899127012831002,1280.4882129904797
0.01125059589785371,14.40625543632072,1294.8944684268004
0.003325672876785646,4.306395411946776,1299.2008638387472
-0.005400853672730133,-7.016793757077659,1292.1840700816695
0.007326397804890528,9.467054534560852,1301.6511246162304
0.0016884725532351208,2.1978021978021327,1303.8489268140324
0.006462646466197652,8.426314659330309,1312.2752414733627
-0.0016304457368023773,-2.1395935729715543,1310.1356479003912
0.0018435333204338544,2.4152787211925673,1312.5509266215838
-0.002919942636890105,-3.832573413731978,1308.7183532078518
0.004705785881164548,6.158548348946427,1314.8769015567982
-0.00381551976362815,-5.016938804628109,1309.85996275217
-0.01051810302712286,-13.777242039330638,1296.0827207128395
-0.03351362667122315,-43.436432436993286,1252.6462882758462
-0.030279995565056117,-37.930124053576634,1214.7161642222695
-0.0037785406053220116,-4.589854350454846,1210.1263098718148
-0.04416324258407911,-53.44310178024544,1156.6832080915694
-0.008238340444361891,-9.529150054535037,1147.1540580370345
0.046039229006110016,52.81408838325545,1199.96814642029
-0.028107896121075893,-33.728580008181495,1166.2395664121084
0.04220259077449118,49.218331166310236,1215.4578975784186
-0.033922077046888544,-41.230856448904284,1174.2270411295144
-0.01705385200037013,-20.025094174255266,1154.2019469552592
-0.07596969747745097,-87.68437273807595,1066.5175742171832
0.04939630628156144,52.68202875069992,1119.199602967883
-0.048868445131273974,-54.69354438857961,1064.5060585793035
-0.09511268097833658,-101.24802514915977,963.2580334301438
0.09287124972971839,89.45897737684831,1052.717010806992
-0.11984055240393443,-126.15818810012853,926.5588227068635
0.05995484974402432,55.55169499439007,982.1105177012536
-0.051830762729157875,-50.90353721678408,931.2069804844695
0.0047078080405855705,4.383943710174195,935.5909241946437
-0.04335951230846191,-40.566766193302904,895.0241580013408
-0.02929386782180443,-26.21871938181308,868.8054386195276
0.09382773976227554,81.51805059884269,950.3234892183704
0.011535011448221999,10.961992327648177,961.2854815460186
0.062414163303876835,59.99782902685909,1021.2833105728777
-0.033687352562252526,-34.40433094921297,986.8789796236647
0.03351600948370015,33.07624524033107,1019.9552248639958
-0.016012721914555605,-16.332259381045194,1003.6229654829506
-0.04414243033166543,-44.3023568330906,959.32060864986
0.02282934723487151,21.900663284435936,981.2212719342959
-0.015137125124949469,-14.852869168531505,966.3684027657645
0.07033131865275055,67.96596407086857,1034.334366836633
-0.0016030527844311804,-1.6580925867903267,1032.6762742498427
0.03405645287963033,35.16929087390197,1067.8455651237446
0.014487410153376512,15.470316682411816,1083.3158818061563
-0.010104660822607414,-10.946539549395071,1072.3693422567612
0.030572589146256046,32.78510731385679,1105.154449570618
-0.022030438529415775,-24.347037166775824,1080.8074124038421
0.005816689462164515,6.2867210863587255,1087.0941334902009
0.026793594848223412,29.127159774616942,1116.2212932648179
-0.01788104803401469,-19.959206561458206,1096.2620867033597
-0.030674795694063395,-33.62761553677317,1062.6344711665865
0.022930247703843776,24.366471642492865,1087.0009428090793
-0.0005394221197431159,-0.5863523527328391,1086.4145904563466
0.013918057304545428,15.120780526465683,1101.5353709828123
0.014714069804799612,16.208068341096936,1117.7434393239093
-0.005242380698498916,-5.859636632185457,1111.883802691724
0.026583916282167053,29.55822592625434,1141.4420286179784
-0.009212446303987654,-10.515473397757864,1130.9265552202205
-0.028059034078492195,-31.732706753195952,1099.1938484670245
0.004249827591976452,4.671384346145944,1103.8652328131705
0.009040556385797371,9.97955587956881,1113.8447886927393
-0.006979410390386298,-7.773979891479735,1106.0708088012595
0.011504630788313985,12.724936280990322,1118.7957450822498
0.016871538638701944,18.87580564197051,1137.6715507242204
0.00013307822091168653,0.1513993059522188,1137.8229500301727
-0.020500317528877154,-23.325731767262265,1114.4972182629103
-0.01746272460422804,-19.462157994703436,1095.035060268207
0.01152482269503552,12.62008491443862,1107.6551451826456
0.0039263632504382695,4.349056456204005,1112.0042016388495
0.03150119163168075,35.02945745105956,1147.0336590899092
-0.010484399194493177,-12.025958771418805,1135.0077003184904
0.01665110025908012,18.899127012831148,1153.9068273313214
-0.007773596407737116,-8.970005967806092,1144.9368213635153
0.002353711326488428,2.6948507645569637,1147.6316721280723
0.012289184036080147,14.103456824416272,1161.7351289524886
0.014827297215913804,17.2253920431465,1178.960520995635
-0.0021079145460738413,-2.4851480314534937,1176.4753729641816
0.004812335824971425,5.66159458451215,1182.1369675486937
0.003751234813537785,4.434473347038646,1186.5714408957324
0.008210832780053412,9.74273968278189,1196.3141805785142
0.013648979133831007,16.32846728822228,1212.6426478667365
-0.0033687022311144066,-4.085031993413157,1208.5576158733234
0.026211650818398713,31.678290221187993,1240.2359060945114
0.012041579421169235,14.934399164222848,1255.1703052587343
-0.007799170822611612,-9.78928762218243,1245.3810176365519
-0.0053130910724373814,-6.616822766587744,1238.764194869964
-0.05894405927443824,-73.01779012946693,1165.7464047404972
0.013060843963234703,15.22563189301748,1180.9720366335146
0.008312217041285264,9.816495888186465,1190.788532521701
0.01896239819380252,22.58020631829026,1213.3687388399912
-0.0036002995561740248,-4.368490931921056,1209.0002479080702
0.0005942198825281686,0.7184119852884602,1209.7186598933586
-0.005649494809462974,-6.834299289978034,1202.8843606033806
0.006495095537691675,7.812848842914121,1210.6972094462947
0.004307419569164139,5.214980852301384,1215.912190298596
-0.025855145939064572,-31.437587129257853,1184.474603169338
0.010959447267809841,12.981186953494348,1197.4557901228325
-0.024226905044785974,-29.010647722635024,1168.4451424001975
0.014685678433118632,17.159409628028808,1185.6045520282262
0.015409875731554612,18.27001881352044,1203.8745708417466
0.005022132820864389,6.046017994428366,1209.920588836175
0.004541250844364075,5.494552895665759,1215.4151417318408
0.01588172586745884,19.302890096143727,1234.7180318279845
-0.010818532028197159,-13.35783657312361,1221.3601952548609
0.007827461915415501,9.560150413361864,1230.9203456682228
-0.005643606159361103,-6.946829644496081,1223.9735160237267
0.01046620127324438,12.810353171824929,1236.7838691955517
-0.009362541127788226,-11.579439841528407,1225.2044293540232
0.013406370782667931,16.42554486448711,1241.6299742185104
0.009082050740923053,11.276546427303494,1252.9065206458138
-0.0034061012455366413,-4.267526460512686,1248.638994185301
0.002848612194617406,3.5568882655110605,1252.1958824508122
0.0084069387471426,10.527134083188153,1262.7230165340004
0.0016790373419135474,2.1201590972543043,1264.8431756312548
0.005747082068739751,7.269157534438228,1272.112333165693
-0.012319859824193036,-15.672245625228486,1256.4400875404644
-0.006190400054688405,-7.777866786623195,1248.6622207538412
0.007395138795039502,9.23403043059691,1257.8962511844381
-0.006473392152297919,-8.142855720822313,1249.7533954636158
0.01242838167815008,15.532412202385855,1265.2858076660016
-0.003750251937389204,-4.745140551550486,1260.540667114451
0.007670504990141325,9.668983477377472,1270.2096505918284
0.00718102343932614,9.121405273758185,1279.3310558655867
0.0036119303819721615,4.620854709281438,1283.9519105748682
0.006429743053199433,8.255480877660897,1292.207391452529
0.00642769555966427,8.30591571220477,1300.5133071647338
0.0006330295486443038,0.8232633518404022,1301.336570516574
0.002742218294476073,3.568548950941302,1304.9051194675153
-0.007969132154236114,-10.398961345775893,1294.5061581217394
0.013996549490237653,18.118619507568333,1312.6247776293078
-0.002047174350497949,-2.6871717765907928,1309.937605852717
-0.00017188262276812694,-0.22515551135656592,1309.7124503413604
0.0027098425110787527,3.549114475224138,1313.2615648165845
0.002303389154016955,3.024952444785855,1316.2865172613704
-0.0044043954214108005,-5.7974463098907485,1310.4890709514796
0.0031586327691348615,4.139353723100444,1314.62842467458
0.0034411070444764214,4.523777133016638,1319.1522018075966
0.010043718303008653,13.249193113749122,1332.4013949213456
0.0035963511532906,4.7917832932713855,1337.193178214617
0.010195626139483993,13.633521721344628,1350.8266999359616
0.0016730440109038458,2.259992520096867,1353.0866924560585
0.00673256535528588,9.10974458832802,1362.1964370443866
-0.0021949627140287475,-2.989970388495237,1359.2064666558913
0.007525003016613407,10.228032761786032,1369.4344994176772
0.015365910154807594,21.04260748094594,1390.477106898623
-0.03512584371534122,-48.841681546680846,1341.6354253519423
-0.008133027264274895,-10.911557493104393,1330.723867858838
-0.027756342102360998,-36.936026920066936,1293.787840938771
0.02014498633677464,26.063338378396704,1319.8511793171679
-0.01758479659017942,-23.20931451760082,1296.641864799567
0.0005330721905940639,0.6912037192846772,1297.3330685188516
0.012741829089357504,16.530396231038935,1313.8634647498907
0.005219359577689042,6.857525858518051,1320.7209906084088
-0.004618946596211537,-6.100339724115839,1314.620650884293
-0.008412365876402483,-11.059069903913048,1303.5615809803799
-0.011182581807410497,-14.57718402031046,1288.9843969600695
-0.011571097930805796,-14.914964688505616,1274.069432271564
0.010517945160813724,13.400592419701386,1287.4700246912653
-0.023721455093028143,-30.540662374333685,1256.9293623169317
0.0029874591429570607,3.7550251155049055,1260.6843874324366
0.0159767237756141,20.141606226237304,1280.825993658674
0.016110590199083896,20.634862700169325,1301.4608563588433
-0.0048126645432444715,-6.263494517818791,1295.1973618410245
0.008253718228220741,10.690194074570678,1305.8875559155952
0.005292907769290922,6.911942390525987,1312.7994983061212
-0.009577652178616392,-12.573536975038127,1300.225961331083
0.01797270867614209,23.368582416160347,1323.5945437472433
-0.013973515692226712,-18.49526912719776,1305.0992746200454
0.01739675486921799,22.70449216055914,1327.8037667806045
0.008010123642494982,10.635872344883213,1338.4396391254877
0.00879353312061526,11.769613296594313,1350.209252422082
0.01641581296364758,22.164782549547322,1372.3740349716293
-0.006306918994084421,-8.655451868150845,1363.7185831034785
-0.006623141753502759,-9.03210148778027,1354.6864816156983
-0.0015277553060997207,-2.0696294603899448,1352.6168521553084
0.00013491955745537076,0.18249446709947087,1352.799346622408
-0.016329861778318078,-22.09102634414293,1330.708320278265
0.004727334073110212,6.2907027838227,1336.9990230620879
-0.0021956999281005363,-2.9356486588079136,1334.06337440328
0.005218925396392127,6.962377225069856,1341.0257516283498
0.003445761353703114,4.620854709281638,1345.6466063376315
-0.018589516294535646,-25.014919515199995,1320.6316868224314
-0.0030256189119989285,-3.9957282074349947,1316.6359586149965
-0.035287878760604796,-46.46129007945867,1270.1746685355379
0.011947330894238384,15.17519705847363,1285.3498655940116
-0.012129550130175693,-15.590715629537153,1269.7591499644745
0.01231820260127181,15.641150464081074,1285.4003004285555
0.01779929009643455,22.879212837371984,1308.2795132659276
0.02204704770168342,28.843700836109072,1337.1232141020366
0.01946019413896294,26.02067733413974,1363.1438914361763
-0.00028771518741854685,-0.39219720020300675,1362.7516942359732
0.01169988923568721,15.944043878305973,1378.6957381142793
-0.0013997945931910616,-1.929890839867928,1376.7658472744113
0.007651855318760337,10.534813071154286,1387.3006603455656
-0.009978532303877019,-13.843224454448146,1373.4574358911175
0.013610335409063534,18.693216372550484,1392.150652263668
0.011648051240012336,16.215842131383802,1408.3664943950519
-0.004791925698091615,-6.748787596822849,1401.617706798229
-0.011563829610944043,-16.208068341096844,1385.4096384571321
0.003946442467421596,5.4674394319824255,1390.8770778891146
-0.006792562915180156,-9.447620058843741,1381.4294578302708
0.005635930617216234,7.785640576910046,1389.215098407181
0.016161668273416252,22.452033580878172,1411.667131988059
-0.001584418237524976,-2.236671149236458,1409.4304608388227
0.002396979198154181,3.378375495875519,1412.8088363346983
-0.004595548640170977,-6.492631726639463,1406.3162046080588
0.011271187194776155,15.850853197184556,1422.1670578052433
0.0017911667548251575,2.54733835374826,1424.7143961589916
-0.000624157213091503,-0.8892457669579397,1423.8251503920337
0.008836275129611826,12.581310765324945,1436.4064611573588
-0.0019356376714373402,-2.7803624577121804,1433.6260986996465
0.002787148065356293,3.99572820743501,1437.6218269070814
-0.007949201604598555,-11.427945733255678,1426.1938811738257
-0.0012851080682624305,-1.8328132636029935,1424.3610679102228
-0.0012649972997506032,-1.8018129047763174,1422.5592550054464
-0.004359258971957769,-6.201304195524052,1416.3579508099224
0.012921249154708825,18.30111397466783,1434.6590647845903
0.0017727951669590514,2.5433566562841143,1437.2024214408743
0.005757654753379748,8.274915353377935,1445.4773367942523
-0.0035111185091528663,-5.075242231779291,1440.402094562473
-0.0039062790518439305,-5.626612528221508,1434.7754820342514
-0.002073092860288006,-2.974422807921489,1431.80105922633
0.000745811250824957,1.0678533389140874,1432.868912565244
0.0035365890047962534,5.067468441492606,1437.9363810067366
0.008722529021144565,12.542441813890848,1450.4788228206276
-0.00222738052560012,-3.2307682827460527,1447.2480545378814
0.0013415471654707467,1.9415515252983475,1449.1896060631798
0.006438845522919845,9.331108006861879,1458.5207140700415
-0.014754827521051062,-21.520221571983694,1437.0004924980578
0.007082595157549276,10.17769272956267,1447.1781852276206
0.005709842747752214,8.26315986562714,1455.4413450932477
0.014847403800101189,21.60952535796187,1477.0508704512097
0.005491862685268911,8.111760559674963,1485.1626310108845
-0.006554750898592476,-9.734871090174561,1475.42775992071
0.0004157884466327033,0.6134658164162011,1476.0412257371263
0.0022756417379066196,3.3589410201582512,1479.4001667572845
-0.0037534511943366766,-5.552856322817008,1473.8473104344675
-0.007190027975370938,-10.597003393449038,1463.2503070410185
0.008136379515524483,11.905559824293453,1475.155866865312
0.013935625421946263,20.55721959962142,1495.7130864649334
0.0003167233075522802,0.4737271958944033,1496.1868136608277
-0.0030106116552376383,-4.504437459620153,1491.6823762012075
0.0036158389430824833,5.393683226578141,1497.0760594277856
-0.0014888337468982327,-2.2288973589495114,1494.847162068836
-0.025677883699462,-38.384511576074395,1456.4626504927617
0.009760625975629766,14.215987178934228,1470.678637671696
-0.019311475173124593,-28.400973999041653,1442.2776636726542
0.016051767614439383,23.151105892770005,1465.428769565424
0.013898223484416938,20.366856539914394,1485.7956261053384
0.0010087690809532646,1.4988246882306626,1487.294450793569
0.010853322230420792,16.142085925979327,1503.4365367195483
0.003897495164625342,5.859636632185509,1509.2961733517338
0.007399348360373592,11.167808165608289,1520.463981517342
-0.0011135249921484514,-1.6930746430811014,1518.770906874261
-0.00034518493235935477,-0.5242568327587477,1518.2466500415023
0.0016624551635393559,2.524016982887825,1520.7706670243901
0.0047110331133788375,7.164400970207124,1527.9350679945974
-0.0005692724183511411,-0.8698112912407996,1527.0652567033567
-0.0003204020092266724,-0.4892747764679997,1526.5759819268887
-0.004415835627354592,-6.741108608856575,1519.8348733180321
-0.0018548966445751658,-2.81913660682594,1517.0157367112063
-0.0077328394581538396,-11.730839147480731,1505.2848975637255
0.0012563181187927874,1.8911166907544534,1507.17601425448
0.01135161376597904,17.108879991164578,1524.2848942456444
-0.02447880752512621,-37.31267653969649,1486.972217705948
-0.004750214169902844,-7.0634364987986515,1479.9087812071493
0.023790763506800205,35.20815982533622,1515.1169410324856
-0.008080851690870694,-12.243435294809194,1502.8735057376764
-0.01306622187199813,-19.636878671516133,1483.2366270661603
-0.013417213930100202,-19.900903134306926,1463.3357239318534
0.01949596819778221,28.52914673645402,1491.8648706683075
-0.005359231030161227,-7.995248507693059,1483.8696221606144
0.01415464230382213,21.003643727191193,1504.8732658878057
0.006030313342701321,9.074857334357748,1513.9481232221635
0.010395487004435822,15.738228040346003,1529.6863512625096
0.0010153984958789497,1.5532412202385109,1531.239592482748
0.006491921301497117,9.940686928134516,1541.1802794108826
-0.0015696837343783798,-2.419165616335989,1538.7611137945466
0.00287938213053085,4.430681254215765,1543.1917950487625
-0.014760539319459198,-22.77834316828408,1520.4134518804785
-0.0006027039747036333,-0.9163592306412358,1519.4970926498372
0.007025118077311765,10.674646493997042,1530.1717391438342
-0.007630854183940605,-11.6765174177934,1518.4952217260409
-0.00546733601831495,-8.302123619381929,1510.193098106659
0.005240265846959469,7.913813314322235,1518.106911420981
0.016631202604519668,25.24794361916393,1543.354855040145
-0.0008680126852336212,-1.3396515919917424,1542.0152034481532
-0.0031578329337678124,-4.869426393819252,1537.145777054334
0.0036224990395776757,5.568309101070205,1542.7140861554042
0.011825201774944727,18.242905349837116,1560.9569915052414
0.014438226417743616,22.537450471712575,1583.494441976954
-0.0009735307519511682,-1.5415805348083196,1581.9528614421456
0.001475232784985625,2.333748725501275,1584.2866101676468
0.0042206328286402695,6.686692076848779,1590.9733022444957
0.007719934348738189,12.282209443922707,1603.2555116884184
-0.00019607884876882142,-0.3143644950141328,1602.9411471934043
0.0032944868090414303,5.280868465098408,1608.2220156585026
-0.004087726727828533,-6.573972117689539,1601.6480435408132
0.01109419052516647,17.768988549301902,1619.417032090115
0.0036088195555097347,5.844183853932343,1625.2612159440473
-0.005306560094486046,-8.624546311644549,1616.6366696324028
-0.006802319771775922,-10.996879581618472,1605.6397900507843
0.009306055472153574,14.942172954509617,1620.581963005294
-0.009210657476561801,-14.926625373935911,1605.6553376313582
0.010928696540176919,17.547719933088427,1623.2030575644467
0.001782270924804541,2.892987614550945,1626.0960451789977
-0.00021489588801437698,-0.3494413536254072,1625.7466038253722
-0.0008455399168898481,-1.374633648282458,1624.3719701770897
0.006762806734045723,10.98531369850874,1635.3572838755983
-0.007194706699326425,-11.765916006092034,1623.5913678695063
0.002748090747253684,4.4617764153631425,1628.0531442848694
-0.006678337608227225,-10.872688541670229,1617.1804557431992
0.0007034637617677753,1.137627846854436,1618.3180835900537
0.008165456466051824,13.214305859779,1631.5323894498326
0.007373341616968343,12.029845666562252,1643.562235116395
-0.010435647322188157,-17.15163583774199,1626.410599278653
-0.00867391280271812,-14.107343719559559,1612.3032555590935
-0.021449400664502738,-34.58293852116915,1577.7203170379244
0.012173141406923493,19.20581251987882,1596.9261295578033
0.014917956876899785,23.82287513633779,1620.7490046941411
-0.0025300521932207776,-4.1005795739868045,1616.6484251201543
-0.008517292959364653,-13.769468249043845,1602.8789568711104
-0.002943411456817757,-4.717932285546522,1598.1610245855638
0.010554741756143349,16.868176899234086,1615.029201484798
-0.0007838806801412357,-1.2659901889078602,1613.7632112958902
0.009911292190138532,15.994478712849833,1629.75769000874
-0.0021252837802967495,-3.4636975843894726,1626.2939924243506
0.0018768165702687245,3.0522555131105005,1629.3462479374612
0.0011653145418315525,1.8987008764002016,1631.2449488138614
0.0007688818911402162,1.2542347011569268,1632.4991835150183
-0.0004923335226864056,-0.80373407380263,1631.6954494412157
0.0014469348384307246,2.360956991505374,1634.0564064327211
-0.0036287033416374515,-5.929505942446501,1628.1269004902747
0.008834095710505974,14.383028867780522,1642.5099293580552
-0.0007967387044511831,-1.3086512331649411,1641.2012781248902
0.00017502486450582388,0.2872510313305939,1641.488529156221
-0.0018238673194856947,-2.9938572836386723,1638.4946718725823
0.004652243012262192,7.622675387848053,1646.1173472604303
0.0019484346695590737,3.2073521095648356,1649.3246993699952
0.0018152018730952513,2.9938572836386776,1652.3185566536338
-0.0020116937805257917,-3.3239589638674683,1648.9945976897664
-0.005390124612855707,-8.888286367473704,1640.1063113222926
-0.00043571559205179966,-0.714619892465686,1639.391691429827
-0.013124468779900589,-21.516145072199183,1617.8755463576279
0.014002289962720793,22.653962523694833,1640.5295088813227
0.005124491902218642,8.406880183613064,1648.9363890649358
-0.0010832833431588806,-1.7862653242025963,1647.1501237407333
0.005811249724885448,9.572000703433368,1656.7221244441666
0.0033305973193167304,5.51787426652646,1662.239998710693
0.0023149642620619026,3.8480261919850776,1666.0880249026782
0.00027733619326086867,0.46206651046402814,1666.5500914131421
0.0013281596467464851,2.2134445806966014,1668.7635359938388
0.0052216268542757405,8.71366049298157,1677.4771964868203
0.007500081663913916,12.58121596300452,1690.0584124498248
-0.0020218560598241897,-3.417054842668528,1686.6413576071564
0.003358975310182588,5.665386677335279,1692.3067442844917
-0.008561024934316985,-14.487880234332332,1677.8188640501594
0.011277947808795874,18.922353581370878,1696.7412176315302
0.0034511743312370946,5.85574973704191,1702.596967368572
-0.0035168126585656267,-5.987714567277242,1696.6092528012948
0.0011649345752446916,1.9764387792682898,1698.5856915805632
-0.0032622408541723713,-5.541195637386744,1693.0444959431766
-0.007538854211077806,-12.763615627783318,1680.2808803153932
-0.015869512427409305,-26.66523831170338,1653.6156420036898
0.015162609437855634,25.07312814003085,1678.6887701437206
0.008241819990835397,13.835450664161403,1692.524220807882
0.0020166699583279435,3.4132627498456665,1695.9374835577278
0.010145452020822843,17.206052369749955,1713.1435359274778
0.0023821998626283314,4.081050295949051,1717.224586223427
-0.0047124448070912095,-8.09232608395794,1709.132260139469
-0.0001862618826539153,-0.31834619247811885,1708.8139139469909
0.004206152980007483,7.187532736426386,1716.0014466834173
-0.0054060480514769305,-9.276786277174482,1706.7246604062427
-0.001842805614891363,-3.1451617872701787,1703.5794986189726
0.0082034265474622,13.975189284683225,1717.5546879036558
-0.004632387901412294,-7.956379556258863,1709.598308347397
0.006005446813494242,10.266901713220022,1719.865210060617
0.001675266241764728,2.881232126800154,1722.7464421874172
-0.0009399082741974318,-1.6192236353561411,1721.127218552061
0.0009926793341701323,1.7085274213343518,1722.8357459733954
0.0012757437876824707,2.1978970001228544,1725.0336429735182
0.004146380281677686,7.1526454824560215,1732.1862884559741
0.001607306655808216,2.7841545505350176,1734.9704430065092
0.002620850702215849,4.547098503877352,1739.5175415103865
-0.00706069881494753,-12.282209443922827,1727.2353320664638
-0.010748470745585936,-18.565138437458796,1708.670193629005
0.0012566922329095842,2.147272560937686,1710.8174661899427
0.008141567655737925,13.928736147603548,1724.7462023375463
0.00852379036424833,14.701375060258677,1739.447577397805
0.0014957363013194946,2.601754885756148,1742.0493322835612
0.002220118224179668,3.867555470022756,1745.916887753584
-0.005824918819612557,-10.169824136955235,1735.7470636166288
0.008807632480425154,15.287822215312405,1751.0348858319412
0.004306570844779589,7.540955787515794,1758.575841619457
-0.0013491160395050494,-2.372522874614901,1756.2033187448421
0.0003116886257619189,0.5473885989781011,1756.7507073438203
0.002842638410522902,4.993807038408821,1761.7445143822292
-0.0003350311257153127,-0.5902392478762551,1761.154275134353
-0.003395574405981705,-5.98013038163147,1755.1741447527215
-0.001318566739775151,-2.314314249784235,1752.8598305029373
-0.004605608657393345,-8.07298641056136,1744.786844092376
-0.007722578759925436,-13.474253822785116,1731.3125902695908
0.0022764876184568905,3.9413116754272512,1735.253901945018
-0.00574663850657553,-9.97187689160268,1725.2820250534153
0.008473996979569742,14.620034669208609,1739.9020597226238
-0.0015511404489350067,-2.6988324620210933,1737.2032272606027
-0.009110872450405094,-15.827437024003444,1721.3757902365992
-0.01697731100841482,-29.224332153202575,1692.1514580833966
-0.0008123585165593639,-1.3746336482823927,1690.7768244351141
0.009519611195260236,16.095537986579064,1706.8723624216932
0.012134715784494876,20.712410998396578,1727.5847734200897
0.001461009046688222,2.524016982887573,1730.1087904029773
-0.0027763826213396126,-4.803443978701725,1725.3053464242755
-0.020364110556098214,-35.13430881761128,1690.1710376066642
0.0015691842194003325,2.652189720299863,1692.8232273269641
-0.011909714125195148,-20.16104070195438,1672.6621866250098
0.01149147763018199,19.221360100452593,1691.8835467254623
-0.012985898136748442,-21.970627397017527,1669.9129193284448
0.010524514660609219,17.57502300141296,1687.4879423298578
0.004102792854185466,6.923413471315077,1694.411355801173
0.008298280656405366,14.060700977838463,1708.4720567790114
-0.0019137230947889883,-3.2695424318596378,1705.2025143471517
-0.006865763848056816,-11.707517776620259,1693.4949965705314
-0.0024167805585421087,-4.092805783699995,1689.4021907868314
0.00302251448379387,5.106242590606293,1694.5084333774378
0.01706310194558336,28.913570146369967,1723.4220035238077
0.007460210377712606,12.857090715866562,1736.2790942396744
0.00337476955709759,5.85954182986503,1742.1386360695394
0.007393339551406308,12.880222482085966,1755.0188585516253
0.0036640298040166996,6.430441404344523,1761.4492999559698
0.002995871849622578,5.277076372275486,1766.7263763282454
-0.0010725536274130976,-1.894908783577257,1764.8314675446682
0.004748196569493546,8.379766719929853,1773.211234264598
0.0018197952535197182,3.2268813876025564,1776.4381156522006
-0.005051568068462853,-8.973798060628978,1767.4643175915717
0.009829281576461124,17.372904453955268,1784.837222045527
0.001949334719149265,3.4792451649632716,1788.3164672104901
0.0018000771431341267,3.2191075973159733,1791.5355748078061
0.0036803630854131963,6.593501395727162,1798.1290762035333
0.006461279195357994,11.618213990642179,1809.7472901941755
0.004181942361150437,7.568258855840235,1817.3155490500158
0.003732799652949259,6.783674850793191,1824.099223900809
0.0008877879113036169,1.619413239997448,1825.7186371408063
-0.003498775895770745,-6.387780360087668,1819.3308567807187
-0.008225823395229703,-14.965494325370136,1804.3653624553485
0.0005509400447352153,0.9940971335098227,1805.3594595888583
0.007222656026415475,13.039490380645653,1818.398949969504
-1.0739820344718431e-05,-0.019529278037697113,1818.3794206914663
0.003865229864862485,7.028454442508,1825.4078751339744
-0.002601625374463401,-4.749027446693868,1820.6588476872805
0.0033847802152713324,6.162530046410609,1826.8213777336912
-0.001398665559303236,-2.5551121440350015,1824.266265589656
-0.0031971365563219223,-5.832428366181566,1818.4338372234745
0.001657132912945114,3.0133865616760978,1821.4472237851505
0.0022938506357221833,4.178127872213973,1825.6253516573645
-0.022724822637582465,-41.487012319087725,1784.1383393382769
0.013200199537034996,23.55098208093951,1807.6893214192164
-0.01896131033450521,-34.2761582118009,1773.4131632074154
-0.011815187417889228,-20.953208892647393,1752.459954314768
0.01419443613158311,24.87518089467803,1777.3351352094462
-0.008448563730297565,-15.015929159914045,1762.319206049532
0.011730872577451423,20.67354204696242,1782.9927480964946
0.020707080374404274,36.920574141814065,1819.9133222383086
0.0030852853123166657,5.614951842791281,1825.5282740810999
-0.007181080169894716,-13.109264888585912,1812.419009192514
0.009549073338481762,17.30692203883777,1829.7259312313518
-0.009136167611567658,-16.716682790961347,1813.0092484403904
-0.0074706775774360246,-13.544407540007763,1799.4648409003826
0.016348464630746795,29.418487305732313,1828.8833282061148
-0.008743415379980468,-15.99068662002721,1812.8926415860876
-0.010287680637092622,-18.65046052597289,1794.2421810601147
-0.01138805785140995,-20.43293375735255,1773.809247302762
0.017777934551572505,31.53466470552259,1805.3439120082846
0.010180197220578835,18.37875707521566,1823.7226690835003
0.006223699921661829,11.350302632707884,1835.072971716208
0.01383893524747526,25.3954560299726,1860.4684277461806
-0.0010101548486260992,-1.8793612030035798,1858.589066543177
0.0014018951394270118,2.605546978579067,1861.194613521756
-0.0029897555945093135,-5.56451700824727,1855.6300965135088
-0.0026261799136575448,-4.8732184866421875,1850.7568780268666
0.006374052530970564,11.796821562598328,1862.553699589465
-0.000629621957060511,-1.1727047054658142,1861.3809948839992
-0.019392757790687165,-36.097310789973704,1825.2836840940254
-0.0009637690162076495,-1.759151860519173,1823.5245322335063
-0.004050216740091761,-7.385669586420145,1816.1388626470862
-0.0014410312534549607,-2.6171128616885975,1813.5217497853976
0.009159984668711818,16.611831424409672,1830.1335812098073
0.002817754443029452,5.1568670297913375,1835.2904482395986
-0.0142436152864307,-26.1411710835858,1809.1492771560129
0.0008199802697488323,1.4834667122982925,1810.632743868311
-0.018387945694007368,-33.293816566042054,1777.338927302269
-0.009689541868338813,-17.22159995032373,1760.1173273519453
-0.01103737849414832,-19.42708113609218,1740.690246215853
-0.018914821867908604,-32.92484593437883,1707.765400281474
0.002771738943381896,4.733479866120334,1712.4988801475945
-0.012171906253646725,-20.84437582863152,1691.654504318963
-0.0014966358477518371,-2.531790773174625,1689.1227135457884
-0.00538408875771057,-9.094386612395452,1680.028326933393
0.024347646888076113,40.904736466139546,1720.9330633995326
0.018885951732779516,32.50145877070796,1753.4345221702406
0.00686300355780145,12.033827364026248,1765.4683495342667
0.00942251544733641,16.635152795270145,1782.103502329537
-0.024391082077444004,-43.46743279582016,1738.6360695337169
0.0051569298644233985,8.96602427034214,1747.602093804059
-0.0037017126347429485,-6.469120751137717,1741.1329730529212
0.008401207191663262,14.627618854854239,1755.7605919077755
0.014517207887505545,25.488741513414965,1781.2493334211904
-0.01811572566845976,-32.26862427138509,1748.9807091498053
-0.01896945434456343,-33.1772097117394,1715.803499438066
-0.0038405967262932217,-6.58970930290429,1709.2137901351616
0.01576672117072042,26.948697250211342,1736.162487385373
0.0008812077558950637,1.5299198493780564,1737.692407234751
-0.021173138152195015,-36.7924014044017,1700.9000058303493
-0.0071661613961429005,-12.188923960480684,1688.7110818698686
-0.010142945264832837,-17.12850407152272,1671.582577798346
-0.018412122845487655,-30.77738376880007,1640.8051940295459
0.014956856067329216,24.541287121626105,1665.346481151172
0.022372677655603468,37.25826000768868,1702.6047411588606
-0.002442603440647617,-4.158788198817579,1698.445952960043
-0.015473503680411893,-26.280909704107913,1672.1650432559352
0.018642691757321028,31.173657468787784,1703.338700724723
-0.005254666430088317,-8.950476689768452,1694.3882240349544
-0.007934042550334475,-13.44334826627899,1680.9448757686755
-0.029518158313449172,-49.618396959120915,1631.3264788095546
-0.00723375351819977,-11.800613655421058,1619.5258651541335
0.02569824789143582,41.61897714932299,1661.1448423034565
-0.004291813651667864,-7.129324111595635,1654.0155181918608
-0.012961545123475138,-21.438596773971916,1632.5769214178888
-0.007421002465963666,-12.115357359717523,1620.4615640581712
0.021408574170870942,34.691771585184895,1655.153335643356
0.02238376135718223,37.04855727458502,1692.201892917941
0.01234781757145198,20.895000267816453,1713.0968931857574
0.011662294827948783,19.978641037175386,1733.0755342229327
-0.00043466036210393355,-0.753299239258808,1732.322234983674
0.0113041136006502,19.5823673371877,1751.9046023208616
-0.012272698789159042,-21.500597491625392,1730.4040048292363
0.01434391292056647,24.820764362670047,1755.2247691919065
0.005066170567449069,8.892268064937621,1764.117037256844
0.007144955276586762,12.604537333864894,1776.721574590709
0.012256547427530462,21.776472244487625,1798.4980468351966
-0.0062937001746978805,-11.319207471560475,1787.1788393636361
-0.015652540713177343,-27.973889544868346,1759.2049498187678
0.0034102225843584133,5.999280450387071,1765.2042302691548
0.008090938687879357,14.282159198693005,1779.4863894678479
-0.012551720801807331,-22.33561633121661,1757.1507731366312
-0.009716916613271898,-17.074087539514892,1740.0766855971162
0.004253385628492534,7.401217166993696,1747.47790276411
-0.002651026482054286,-4.63261019703234,1742.8452925670776
-0.01687729010355421,-29.41450560826838,1713.4307869588092
-0.003417447717741773,-5.855560132400872,1707.5752268264084
0.011174577597236057,19.081431875289663,1726.656658701698
-0.01214413784439794,-20.96875647322099,1705.687902228477
-0.0002048682840329885,-0.349441353625376,1705.3384608748515
0.016057604355527166,27.38365029699201,1732.7221111718436
-0.0006184750715809706,-1.0716454317369364,1731.6504657401067
-0.014752948498371943,-25.54695013824558,1706.103515601861
-0.027740054250753654,-47.32740408019716,1658.776111521664
0.005697936985382235,9.451601756307817,1668.2277132779718
-0.028146308431003852,-46.95445175107005,1621.2732615269017
0.0020980468517017847,3.4015072620948006,1624.6747687889965
0.02474690007293945,40.2056641542473,1664.8804329432437
-0.036284507106413955,-60.40936590045867,1604.471067042785
0.005675242812353654,9.105762890863963,1613.5768299336492
0.004837126381486367,7.805075052627196,1621.3819049862764
0.02986242108440229,48.41838918533053,1669.800294171607
-0.035649708609806985,-59.52789392378777,1610.2724002478192
-0.0056742248424840325,-9.137047656652566,1601.1353525911666
-0.03203710063235676,-51.29573441698723,1549.8396181741793
0.0024578974498534745,3.809346845192198,1553.6489650193716
-0.01646320750393837,-25.578045299393004,1528.0709197199787
-0.0012959645058717717,-1.980325674411926,1526.0905940455668
0.02386969542307149,36.42731766788192,1562.5179117134487
-0.003946400929555671,-6.1663221392333405,1556.3515895742153
0.020169632234863677,31.391039189857416,1587.7426287640726
-0.04039526078745259,-64.13727755228024,1523.6053512117924
-0.005833781800992588,-8.888381169794275,1514.7169700419981
0.00014614176965843662,0.22136341853360272,1514.9383334605318
0.018555039930923556,28.109741270246953,1543.0480747307788
-0.008120797617175213,-12.530781128460507,1530.5172936023182
0.009450764734207695,14.464558863471794,1544.98185246579
0.019883256167224195,30.71926994628988,1575.70112241208
0.02474226295510973,38.98641150938123,1614.6875339214612
-0.006274368617659065,-10.131144790162123,1604.556389131299
-0.007482768681131846,-12.006524295701688,1592.5498648355974
0.018431018038486124,29.352315285973535,1621.902180121571
-0.016347313992415624,-26.513744203430765,1595.3884359181402
0.003137400778913113,5.005372921518546,1600.3938088396587
0.009523393173235029,15.241179473591211,1615.63498831325
-0.010793945785935621,-17.439076473713953,1598.1959118395362
-0.02379869397635359,-38.034975420128504,1560.1609364194076
-0.029110303335524668,-45.416758111405166,1514.7441783080023
-0.038768430665237275,-58.724254652305596,1456.0199236556969
-0.0037736797459957394,-5.494552895665766,1450.5253707600311
0.014592504858983224,21.166798520894197,1471.6921692809253
-0.03251195148816344,-47.84758441317146,1423.8445848677538
0.002200865698254617,3.1336907064810244,1426.9782755742349
0.024477242280086964,34.928492979651246,1461.9067685538862
-0.0013015723144006452,-1.90277737618465,1460.0039911777014
0.009532217409177868,13.917075462173255,1473.9210666398747
0.03056329358583576,45.04788228206268,1518.9689489219372
-0.0029730715337762392,-4.516003342729826,1514.4529455792074
-0.020143036075892073,-30.50568031804299,1483.9472652611644
-0.0007117454091590814,-1.0561926534838073,1482.8910726076806
-0.008759278267998716,-12.989055546101762,1469.9020170615788
0.010553814029047315,15.513072528989436,1485.4150895905682
0.0015841285142366157,2.3530883988977562,1487.768177989466
0.0035731642904301975,5.316040126030358,1493.0842181154965
0.014964587965241805,22.343390121503628,1515.4276082370002
-0.000830271529819071,-1.25821639862099,1514.1693918383792
-0.011527461422777274,-17.454529251967042,1496.7148625864122
-0.009243878717321574,-13.83545066416142,1482.8794119222507
-0.0044569025122100925,-6.609048976300904,1476.2703629459497
-0.00299863390215227,-4.426794359072361,1471.8435685868774
0.01920124935943668,28.261235378519775,1500.1048039653972
-0.008363571580831342,-12.546233906713567,1487.5585700586837
0.02762829164595959,41.09870201402793,1528.6572720727115
0.005895806193263242,9.012667012063186,1537.6699390847748
0.00986137270919718,15.163536373043488,1552.8334754578184
-0.00933246697634671,-14.491767129475779,1538.3417083283425
0.0013151670479691902,2.023176323310067,1540.3648846516526
-0.01154320266205866,-17.78074403705264,1522.5841406145998
0.026156273782937722,39.825127639474424,1562.4092682540743
0.012133338697180918,18.95724083534128,1581.3665090894156
0.014207760082581844,22.467675963772397,1603.8341850531879
-0.0028230841271976725,-4.5277588304806695,1599.3064262227072
-0.006662395550704803,-10.655212018279762,1588.6512142044273
0.015638477163140152,24.84408573353081,1613.4952999379582
-0.0007773401640558397,-1.2542347011570987,1612.241065236801
-0.0016257460597355333,-2.621094559152548,1609.6199706776483
-0.0012375507238541195,-1.9919863598421703,1607.627984317806
-0.004248692893594086,-6.830317592514048,1600.797666725292
0.021290637641290244,34.082003059271095,1634.879669784563
-0.0007054739583503,-1.1533650320693472,1633.7263047524937
0.017322368774566943,28.300009527633232,1662.0263142801268
0.0039695418998517695,6.597483093191169,1668.623797373318
0.0018756797165810912,3.1298038113376494,1671.7536011846557
-0.007237794954094601,-12.09980977914378,1659.653791405512
0.002269561170191503,3.7666858009350586,1663.420477206447
-0.012900001139847905,-21.45812605200951,1641.9623511544376
-0.0214000649197158,-35.138100910434154,1606.8242502440035
-0.0022378626777133093,-3.595852019265726,1603.2283982247377
0.0029161604463010526,4.675271241289573,1607.9036694660272
0.014091605518061545,22.657944221158875,1630.561613687186
-0.03368805871951874,-54.93045538768716,1575.631158299499
-0.006666355799502699,-10.50371791000702,1565.127440389492
-0.011028155571448206,-17.260468901757847,1547.8669714877342
-0.007817025105971265,-12.099714976823327,1535.7672565109108
0.0029962320243361873,4.601515035884919,1540.3687715467956
-0.010736500458081055,-16.538170021325925,1523.8306015254698
-0.004095056983834944,-6.240173146958278,1517.5904283785114
0.018341016392734,27.834150924346492,1545.4245793028579
0.006610721877456038,10.216372076355697,1555.6409513792137
0.015271449816332883,23.756892721220005,1579.3978441004338
0.0105842727693497,16.716777593281844,1596.1146216937157
-0.0432366134006168,-69.01059084124292,1527.1040308524728
0.0033870120853238816,5.172319808044139,1532.276350660517
-0.011317739184353415,-17.341904095128587,1514.9344465653885
-0.007182134089448455,-10.880462331957006,1504.0539842334315
0.006857100716286535,10.31344965262068,1514.3674338860521
-0.011272103097361819,-17.070105842050836,1497.2973280440012
-0.017116493600784488,-25.62848013393686,1471.6688479100644
-0.00842758097968943,-12.402608391048316,1459.2662395190162
-0.017232619015461026,-25.1469791477557,1434.1192603712605
-0.010340526208282075,-14.829547797671124,1419.2897125735894
-0.0021203598092424114,-3.009404864212253,1416.2803077093772
0.019672139926234733,27.861264388029653,1444.1415720974069
-0.021126437880238824,-30.509567213186305,1413.6320048842206
-0.015066695771983274,-21.298763351129324,1392.3332415330913
